INSERT INTO monstro VALUES ('BYF', 'joseph', 19, 6222.35, '1156', '2188');
INSERT INTO monstro VALUES ('VBL', 'renee', 10, 1950.33, '1484', '4593');
INSERT INTO monstro VALUES ('PGD', 'monica', 4, 9641.86, '8071', '8519');
INSERT INTO monstro VALUES ('EVC', 'ronald', 15, 2254.83, '3113', '5636');
INSERT INTO monstro VALUES ('JBK', 'curtis', 16, 4536.72, '9550', '9736');
INSERT INTO monstro VALUES ('JSG', 'anthony', 15, 6712.88, '5030', '2672');
INSERT INTO monstro VALUES ('SCE', 'kyle', 6, 2517.25, '1171', '7662');
INSERT INTO monstro VALUES ('DBQ', 'michelle', 3, 5286.33, '5905', '5595');
INSERT INTO monstro VALUES ('YMO', 'dustin', 27, 4661.91, '9166', '4905');
INSERT INTO monstro VALUES ('ZDG', 'thomas', 9, 3327.3, '3969', '6955');
INSERT INTO monstro VALUES ('HBJ', 'sara', 3, 4546.45, '9219', '9731');
INSERT INTO monstro VALUES ('MLL', 'richard', 20, 7750.33, '2716', '2096');
INSERT INTO monstro VALUES ('AWP', 'debra', 2, 6080.45, '5396', '6489');
INSERT INTO monstro VALUES ('MXD', 'patricia', 23, 1495.11, '8907', '4739');
INSERT INTO monstro VALUES ('CAM', 'joshua', 13, 7810.14, '9442', '5687');
INSERT INTO monstro VALUES ('OUL', 'melissa', 18, 5084.7, '6326', '1010');
INSERT INTO monstro VALUES ('URN', 'gina', 12, 3595.3, '5619', '2207');
INSERT INTO monstro VALUES ('CJZ', 'amanda', 11, 7049.18, '4967', '2962');
INSERT INTO monstro VALUES ('QWB', 'jason', 5, 8859.04, '2988', '1620');
INSERT INTO monstro VALUES ('BOX', 'lori', 19, 3108.88, '7768', '7440');
INSERT INTO monstro VALUES ('AJT', 'terri', 1, 2151.06, '3175', '1945');
INSERT INTO monstro VALUES ('VRC', 'tammy', 19, 6801.2, '1747', '4232');
INSERT INTO monstro VALUES ('YGM', 'jeffrey', 22, 3932.84, '1301', '7212');
INSERT INTO monstro VALUES ('RNU', 'nicholas', 5, 1466.21, '1683', '4493');
INSERT INTO monstro VALUES ('WUN', 'jennifer', 16, 7919.51, '9834', '2988');
INSERT INTO monstro VALUES ('YWH', 'michele', 30, 7766.91, '6787', '1204');
INSERT INTO monstro VALUES ('KNY', 'cheryl', 30, 4263.96, '1353', '6230');
INSERT INTO monstro VALUES ('VWE', 'sandra', 2, 9230.59, '9369', '1192');
INSERT INTO monstro VALUES ('VUU', 'william', 9, 4608.54, '4839', '2522');
INSERT INTO monstro VALUES ('NPF', 'erica', 15, 8522.45, '8882', '3677');
INSERT INTO sala VALUES (46, 'A', 9);
INSERT INTO sala VALUES (42, 'D', 6);
INSERT INTO sala VALUES (53, 'B', 4);
INSERT INTO sala VALUES (100, 'A', 2);
INSERT INTO sala VALUES (97, 'D', 8);
INSERT INTO sala VALUES (82, 'D', 2);
INSERT INTO sala VALUES (32, 'B', 8);
INSERT INTO sala VALUES (57, 'E', 1);
INSERT INTO sala VALUES (9, 'E', 4);
INSERT INTO sala VALUES (12, 'A', 2);
INSERT INTO sala VALUES (51, 'C', 5);
INSERT INTO sala VALUES (37, 'E', 7);
INSERT INTO sala VALUES (81, 'E', 2);
INSERT INTO sala VALUES (5, 'E', 4);
INSERT INTO sala VALUES (94, 'C', 4);
INSERT INTO sala VALUES (23, 'E', 1);
INSERT INTO sala VALUES (43, 'D', 9);
INSERT INTO sala VALUES (31, 'A', 2);
INSERT INTO sala VALUES (8, 'D', 2);
INSERT INTO sala VALUES (96, 'E', 9);
INSERT INTO sala VALUES (59, 'B', 3);
INSERT INTO sala VALUES (28, 'A', 5);
INSERT INTO sala VALUES (30, 'C', 6);
INSERT INTO sala VALUES (38, 'D', 2);
INSERT INTO sala VALUES (41, 'A', 4);
INSERT INTO sala VALUES (2, 'E', 4);
INSERT INTO sala VALUES (52, 'A', 3);
INSERT INTO sala VALUES (3, 'D', 4);
INSERT INTO sala VALUES (73, 'D', 8);
INSERT INTO sala VALUES (17, 'C', 8);
INSERT INTO equipamento VALUES (935, 'taco');
INSERT INTO equipamento VALUES (831, 'jubijabor');
INSERT INTO equipamento VALUES (480, 'escumador');
INSERT INTO equipamento VALUES (928, 'teclado');
INSERT INTO equipamento VALUES (996, 'escumador');
INSERT INTO equipamento VALUES (943, 'escumador');
INSERT INTO equipamento VALUES (682, 'cordao');
INSERT INTO equipamento VALUES (999, 'limpador');
INSERT INTO equipamento VALUES (988, 'jubijabor');
INSERT INTO equipamento VALUES (490, 'foto feia');
INSERT INTO equipamento VALUES (801, 'travesseiro');
INSERT INTO equipamento VALUES (314, 'bastao');
INSERT INTO equipamento VALUES (820, 'toalha');
INSERT INTO equipamento VALUES (983, 'escumador');
INSERT INTO equipamento VALUES (640, 'caixa');
INSERT INTO equipamento VALUES (154, 'bastao');
INSERT INTO equipamento VALUES (867, 'caixa');
INSERT INTO equipamento VALUES (402, 'taco');
INSERT INTO equipamento VALUES (654, 'escumador');
INSERT INTO equipamento VALUES (436, 'travesseiro');
INSERT INTO equipamento VALUES (897, 'caixa');
INSERT INTO equipamento VALUES (879, 'bastao');
INSERT INTO equipamento VALUES (104, 'escumador');
INSERT INTO equipamento VALUES (658, 'escumador');
INSERT INTO equipamento VALUES (589, 'jubijabor');
INSERT INTO equipamento VALUES (132, 'foto feia');
INSERT INTO equipamento VALUES (621, 'bastao');
INSERT INTO equipamento VALUES (477, 'caixa');
INSERT INTO equipamento VALUES (534, 'foto feia');
INSERT INTO equipamento VALUES (758, 'teclado');
INSERT INTO extrator_de_gritos VALUES ('MJX-864', 71, 69);
INSERT INTO extrator_de_gritos VALUES ('LWM-731', 72, 61);
INSERT INTO extrator_de_gritos VALUES ('YPF-561', 86, 77);
INSERT INTO extrator_de_gritos VALUES ('IZH-328', 63, 54);
INSERT INTO extrator_de_gritos VALUES ('CYW-721', 90, 17);
INSERT INTO extrator_de_gritos VALUES ('GVM-480', 78, 25);
INSERT INTO extrator_de_gritos VALUES ('PQF-298', 38, 20);
INSERT INTO extrator_de_gritos VALUES ('WXJ-985', 18, 6);
INSERT INTO extrator_de_gritos VALUES ('EJN-365', 44, 4);
INSERT INTO extrator_de_gritos VALUES ('BEE-292', 70, 63);
INSERT INTO extrator_de_gritos VALUES ('UPF-489', 39, 19);
INSERT INTO extrator_de_gritos VALUES ('AHE-657', 58, 47);
INSERT INTO extrator_de_gritos VALUES ('GHY-547', 33, 26);
INSERT INTO extrator_de_gritos VALUES ('HIR-113', 64, 0);
INSERT INTO extrator_de_gritos VALUES ('IYZ-806', 34, 26);
INSERT INTO extrator_de_gritos VALUES ('EUA-995', 33, 20);
INSERT INTO extrator_de_gritos VALUES ('JXN-213', 54, 18);
INSERT INTO extrator_de_gritos VALUES ('LDH-218', 80, 55);
INSERT INTO extrator_de_gritos VALUES ('MGE-621', 76, 11);
INSERT INTO extrator_de_gritos VALUES ('WPL-600', 94, 22);
INSERT INTO extrator_de_gritos VALUES ('NGT-960', 8, 5);
INSERT INTO extrator_de_gritos VALUES ('IDX-323', 84, 32);
INSERT INTO extrator_de_gritos VALUES ('OYG-780', 45, 24);
INSERT INTO extrator_de_gritos VALUES ('CVB-175', 47, 35);
INSERT INTO extrator_de_gritos VALUES ('ATH-453', 67, 52);
INSERT INTO extrator_de_gritos VALUES ('DYX-927', 51, 14);
INSERT INTO extrator_de_gritos VALUES ('QPN-450', 20, 18);
INSERT INTO extrator_de_gritos VALUES ('DJU-491', 75, 74);
INSERT INTO extrator_de_gritos VALUES ('QSY-798', 24, 24);
INSERT INTO extrator_de_gritos VALUES ('BPC-457', 92, 56);
INSERT INTO crianca VALUES ('978', 'tina', to_date('2016-05-30', 'YYYY-MM-DD'));
INSERT INTO crianca VALUES ('851', 'jessica', to_date('2013-05-02', 'YYYY-MM-DD'));
INSERT INTO crianca VALUES ('532', 'brandon', to_date('2017-08-24', 'YYYY-MM-DD'));
INSERT INTO crianca VALUES ('126', 'brenda', to_date('2016-06-07', 'YYYY-MM-DD'));
INSERT INTO crianca VALUES ('348', 'casey', to_date('2013-10-23', 'YYYY-MM-DD'));
INSERT INTO crianca VALUES ('792', 'nicole', to_date('2015-08-11', 'YYYY-MM-DD'));
INSERT INTO crianca VALUES ('523', 'megan', to_date('2013-05-23', 'YYYY-MM-DD'));
INSERT INTO crianca VALUES ('426', 'adam', to_date('2014-06-02', 'YYYY-MM-DD'));
INSERT INTO crianca VALUES ('858', 'anna', to_date('2017-06-02', 'YYYY-MM-DD'));
INSERT INTO crianca VALUES ('885', 'jennifer', to_date('2016-03-03', 'YYYY-MM-DD'));
INSERT INTO crianca VALUES ('795', 'cody', to_date('2016-09-29', 'YYYY-MM-DD'));
INSERT INTO crianca VALUES ('536', 'stephen', to_date('2015-03-31', 'YYYY-MM-DD'));
INSERT INTO crianca VALUES ('730', 'dennis', to_date('2013-09-12', 'YYYY-MM-DD'));
INSERT INTO crianca VALUES ('410', 'david', to_date('2017-10-26', 'YYYY-MM-DD'));
INSERT INTO crianca VALUES ('315', 'douglas', to_date('2016-10-18', 'YYYY-MM-DD'));
INSERT INTO crianca VALUES ('299', 'john', to_date('2016-05-29', 'YYYY-MM-DD'));
INSERT INTO crianca VALUES ('935', 'laura', to_date('2017-11-09', 'YYYY-MM-DD'));
INSERT INTO crianca VALUES ('338', 'john', to_date('2012-05-27', 'YYYY-MM-DD'));
INSERT INTO crianca VALUES ('502', 'justin', to_date('2017-12-17', 'YYYY-MM-DD'));
INSERT INTO crianca VALUES ('949', 'shelly', to_date('2015-02-11', 'YYYY-MM-DD'));
INSERT INTO crianca VALUES ('668', 'daniel', to_date('2011-11-17', 'YYYY-MM-DD'));
INSERT INTO crianca VALUES ('507', 'stephen', to_date('2015-06-08', 'YYYY-MM-DD'));
INSERT INTO crianca VALUES ('383', 'nicholas', to_date('2011-05-13', 'YYYY-MM-DD'));
INSERT INTO crianca VALUES ('956', 'mary', to_date('2016-10-12', 'YYYY-MM-DD'));
INSERT INTO crianca VALUES ('287', 'lisa', to_date('2013-09-24', 'YYYY-MM-DD'));
INSERT INTO crianca VALUES ('570', 'lee', to_date('2015-04-08', 'YYYY-MM-DD'));
INSERT INTO crianca VALUES ('776', 'angela', to_date('2012-06-15', 'YYYY-MM-DD'));
INSERT INTO crianca VALUES ('392', 'donald', to_date('2012-01-06', 'YYYY-MM-DD'));
INSERT INTO crianca VALUES ('893', 'justin', to_date('2012-11-02', 'YYYY-MM-DD'));
INSERT INTO crianca VALUES ('378', 'heidi', to_date('2015-03-15', 'YYYY-MM-DD'));
INSERT INTO porta VALUES ('HHY', 'metal', 'preto');
INSERT INTO porta VALUES ('QWC', 'vidro', 'laranja');
INSERT INTO porta VALUES ('IBU', 'plastico', 'verde');
INSERT INTO porta VALUES ('RKX', 'vidro', 'branco');
INSERT INTO porta VALUES ('XLX', 'madeira', 'azul');
INSERT INTO porta VALUES ('YGF', 'plastico', 'verde');
INSERT INTO porta VALUES ('FLU', 'plastico', 'turquesa');
INSERT INTO porta VALUES ('DTY', 'madeira', 'bege');
INSERT INTO porta VALUES ('CHM', 'madeira', 'roxo');
INSERT INTO porta VALUES ('WDH', 'madeira', 'roxo');
INSERT INTO porta VALUES ('ERQ', 'madeira', 'turquesa');
INSERT INTO porta VALUES ('JLZ', 'vidro', 'azul');
INSERT INTO porta VALUES ('IVR', 'plastico', 'ouro');
INSERT INTO porta VALUES ('ISK', 'madeira', 'verde');
INSERT INTO porta VALUES ('MZO', 'metal', 'salmao');
INSERT INTO porta VALUES ('JRG', 'vidro', 'preto');
INSERT INTO porta VALUES ('YDL', 'plastico', 'azul');
INSERT INTO porta VALUES ('XEI', 'vidro', 'azul');
INSERT INTO porta VALUES ('JEH', 'madeira', 'vermelho');
INSERT INTO porta VALUES ('AJP', 'vidro', 'azul');
INSERT INTO porta VALUES ('PGS', 'plastico', 'rosa');
INSERT INTO porta VALUES ('YZX', 'vidro', 'vermelho');
INSERT INTO porta VALUES ('XYC', 'vidro', 'branco');
INSERT INTO porta VALUES ('XYO', 'plastico', 'preto');
INSERT INTO porta VALUES ('SPC', 'plastico', 'preto');
INSERT INTO porta VALUES ('LZD', 'plastico', 'preto');
INSERT INTO porta VALUES ('IPG', 'plastico', 'preto');
INSERT INTO porta VALUES ('NHO', 'madeira', 'verde');
INSERT INTO porta VALUES ('WPH', 'madeira', 'marrom');
INSERT INTO porta VALUES ('LIG', 'vidro', 'ciano');
INSERT INTO quarto VALUES ('PGS', 'vermelho', 46);
INSERT INTO quarto VALUES ('CHM', 'braqnco', 65);
INSERT INTO quarto VALUES ('JRG', 'preto', 18);
INSERT INTO quarto VALUES ('HHY', 'preto', 33);
INSERT INTO quarto VALUES ('YDL', 'preto', 29);
INSERT INTO quarto VALUES ('YZX', 'preto', 53);
INSERT INTO quarto VALUES ('JLZ', 'verde', 26);
INSERT INTO quarto VALUES ('IBU', 'marrom', 63);
INSERT INTO quarto VALUES ('IVR', 'ciano', 79);
INSERT INTO quarto VALUES ('QWC', 'azul', 13);
INSERT INTO quarto VALUES ('AJP', 'azul', 57);
INSERT INTO quarto VALUES ('XYO', 'azul', 47);
INSERT INTO quarto VALUES ('WPH', 'azul', 78);
INSERT INTO quarto VALUES ('JEH', 'azul', 83);
INSERT INTO quarto VALUES ('LIG', 'verde', 92);
INSERT INTO quarto VALUES ('XYC', 'verde', 66);
INSERT INTO quarto VALUES ('RKX', 'verde', 80);
INSERT INTO quarto VALUES ('SPC', 'verde', 48);
INSERT INTO quarto VALUES ('NHO', 'rosa', 73);
INSERT INTO quarto VALUES ('ISK', 'rosa', 68);
INSERT INTO quarto VALUES ('DTY', 'rosa', 34);
INSERT INTO quarto VALUES ('IPG', 'rosa', 81);
INSERT INTO quarto VALUES ('YGF', 'rosa', 58);
INSERT INTO quarto VALUES ('XEI', 'amarelo', 72);
INSERT INTO quarto VALUES ('XLX', 'amarelo', 67);
INSERT INTO quarto VALUES ('MZO', 'amarelo', 98);
INSERT INTO quarto VALUES ('FLU', 'amarelo', 24);
INSERT INTO quarto VALUES ('ERQ', 'amarelo', 73);
INSERT INTO quarto VALUES ('WDH', 'amarelo', 18);
INSERT INTO quarto VALUES ('LZD', 'amarelo', 35);
INSERT INTO medo VALUES ('287', 'nota baixa');
INSERT INTO medo VALUES ('668', 'redemoinho');
INSERT INTO medo VALUES ('378', 'palhaco');
INSERT INTO medo VALUES ('523', 'redemoinho');
INSERT INTO medo VALUES ('315', 'nota baixa');
INSERT INTO medo VALUES ('532', 'pessoas');
INSERT INTO medo VALUES ('523', 'professor');
INSERT INTO medo VALUES ('885', 'professor');
INSERT INTO medo VALUES ('776', 'palhaco');
INSERT INTO medo VALUES ('392', 'nota baixa');
INSERT INTO medo VALUES ('730', 'redemoinho');
INSERT INTO medo VALUES ('392', 'computador');
INSERT INTO medo VALUES ('378', 'banco de dados');
INSERT INTO medo VALUES ('570', 'palhaco');
INSERT INTO medo VALUES ('851', 'nota baixa');
INSERT INTO medo VALUES ('776', 'professor');
INSERT INTO medo VALUES ('730', 'banco de dados');
INSERT INTO medo VALUES ('956', 'cobra');
INSERT INTO medo VALUES ('978', 'computador');
INSERT INTO medo VALUES ('299', 'redemoinho');
INSERT INTO medo VALUES ('502', 'pessoas');
INSERT INTO medo VALUES ('348', 'computador');
INSERT INTO medo VALUES ('858', 'nota baixa');
INSERT INTO medo VALUES ('392', 'cobra');
INSERT INTO medo VALUES ('287', 'professor');
INSERT INTO medo VALUES ('410', 'pessoas');
INSERT INTO medo VALUES ('315', 'pessoas');
INSERT INTO medo VALUES ('935', 'pessoas');
INSERT INTO medo VALUES ('523', 'banco de dados');
INSERT INTO medo VALUES ('392', 'banco de dados');
INSERT INTO gratificacao VALUES ('VRC', to_date('2023-06-24 12:23:57', 'yyyy/mm/dd hh24:mi:ss'), 528.28);
INSERT INTO gratificacao VALUES ('KNY', to_date('2022-10-05 13:28:02', 'yyyy/mm/dd hh24:mi:ss'), 138.31);
INSERT INTO gratificacao VALUES ('VWE', to_date('2022-10-29 13:40:55', 'yyyy/mm/dd hh24:mi:ss'), 531.12);
INSERT INTO gratificacao VALUES ('URN', to_date('2022-12-14 01:32:21', 'yyyy/mm/dd hh24:mi:ss'), 166.02);
INSERT INTO gratificacao VALUES ('SCE', to_date('2023-01-16 23:59:24', 'yyyy/mm/dd hh24:mi:ss'), 146.96);
INSERT INTO gratificacao VALUES ('JBK', to_date('2023-03-30 19:12:40', 'yyyy/mm/dd hh24:mi:ss'), 942.54);
INSERT INTO gratificacao VALUES ('OUL', to_date('2023-05-27 19:09:21', 'yyyy/mm/dd hh24:mi:ss'), 876.47);
INSERT INTO gratificacao VALUES ('VRC', to_date('2022-12-30 00:51:47', 'yyyy/mm/dd hh24:mi:ss'), 723.33);
INSERT INTO gratificacao VALUES ('QWB', to_date('2023-04-14 03:10:25', 'yyyy/mm/dd hh24:mi:ss'), 421.03);
INSERT INTO gratificacao VALUES ('VRC', to_date('2023-07-02 03:59:22', 'yyyy/mm/dd hh24:mi:ss'), 531.3);
INSERT INTO gratificacao VALUES ('VRC', to_date('2023-03-22 12:23:24', 'yyyy/mm/dd hh24:mi:ss'), 853.85);
INSERT INTO gratificacao VALUES ('DBQ', to_date('2023-03-22 12:41:21', 'yyyy/mm/dd hh24:mi:ss'), 981.44);
INSERT INTO gratificacao VALUES ('DBQ', to_date('2022-11-18 08:02:21', 'yyyy/mm/dd hh24:mi:ss'), 154.6);
INSERT INTO gratificacao VALUES ('VBL', to_date('2023-07-21 17:15:40', 'yyyy/mm/dd hh24:mi:ss'), 491.09);
INSERT INTO gratificacao VALUES ('HBJ', to_date('2023-01-31 20:38:08', 'yyyy/mm/dd hh24:mi:ss'), 337.07);
INSERT INTO gratificacao VALUES ('RNU', to_date('2023-03-03 00:57:29', 'yyyy/mm/dd hh24:mi:ss'), 965.21);
INSERT INTO gratificacao VALUES ('BOX', to_date('2022-12-20 07:49:25', 'yyyy/mm/dd hh24:mi:ss'), 571.98);
INSERT INTO gratificacao VALUES ('VUU', to_date('2022-12-11 11:09:16', 'yyyy/mm/dd hh24:mi:ss'), 863.92);
INSERT INTO gratificacao VALUES ('URN', to_date('2022-12-12 11:50:39', 'yyyy/mm/dd hh24:mi:ss'), 517.67);
INSERT INTO gratificacao VALUES ('VUU', to_date('2022-11-03 09:14:04', 'yyyy/mm/dd hh24:mi:ss'), 474.04);
INSERT INTO gratificacao VALUES ('NPF', to_date('2023-02-12 09:41:51', 'yyyy/mm/dd hh24:mi:ss'), 255.12);
INSERT INTO gratificacao VALUES ('EVC', to_date('2023-06-11 00:00:56', 'yyyy/mm/dd hh24:mi:ss'), 231.73);
INSERT INTO gratificacao VALUES ('WUN', to_date('2023-05-13 22:13:29', 'yyyy/mm/dd hh24:mi:ss'), 839.27);
INSERT INTO gratificacao VALUES ('HBJ', to_date('2022-11-21 12:52:53', 'yyyy/mm/dd hh24:mi:ss'), 774.73);
INSERT INTO gratificacao VALUES ('CJZ', to_date('2023-05-16 08:27:42', 'yyyy/mm/dd hh24:mi:ss'), 852.78);
INSERT INTO gratificacao VALUES ('AWP', to_date('2023-04-14 12:56:24', 'yyyy/mm/dd hh24:mi:ss'), 159.93);
INSERT INTO gratificacao VALUES ('RNU', to_date('2023-06-17 13:44:48', 'yyyy/mm/dd hh24:mi:ss'), 320.61);
INSERT INTO gratificacao VALUES ('VWE', to_date('2023-03-22 23:58:32', 'yyyy/mm/dd hh24:mi:ss'), 815.15);
INSERT INTO gratificacao VALUES ('JSG', to_date('2023-02-24 15:38:32', 'yyyy/mm/dd hh24:mi:ss'), 705.99);
INSERT INTO gratificacao VALUES ('VWE', to_date('2023-09-05 08:02:16', 'yyyy/mm/dd hh24:mi:ss'), 268.49);
INSERT INTO tecnico VALUES ('JBK', 'teoria do susto');
INSERT INTO tecnico VALUES ('CAM', 'administracao');
INSERT INTO tecnico VALUES ('NPF', 'administracao');
INSERT INTO tecnico VALUES ('MXD', 'administracao');
INSERT INTO tecnico VALUES ('BOX', 'teoria do susto');
INSERT INTO tecnico VALUES ('RNU', 'administracao');
INSERT INTO tecnico VALUES ('PGD', 'engenharia');
INSERT INTO tecnico VALUES ('VUU', 'engenharia');
INSERT INTO tecnico VALUES ('OUL', 'filosofia');
INSERT INTO tecnico VALUES ('VWE', 'administracao');
INSERT INTO tecnico VALUES ('VWE', 'filosofia');
INSERT INTO tecnico VALUES ('MXD', 'filosofia');
INSERT INTO tecnico VALUES ('YMO', 'teoria do susto');
INSERT INTO tecnico VALUES ('AWP', 'administracao');
INSERT INTO tecnico VALUES ('URN', 'administracao');
INSERT INTO tecnico VALUES ('YWH', 'engenharia');
INSERT INTO tecnico VALUES ('SCE', 'engenharia');
INSERT INTO tecnico VALUES ('CJZ', 'engenharia');
INSERT INTO tecnico VALUES ('CAM', 'teoria do susto');
INSERT INTO tecnico VALUES ('DBQ', 'administracao');
INSERT INTO tecnico VALUES ('HBJ', 'filosofia');
INSERT INTO tecnico VALUES ('KNY', 'teoria do susto');
INSERT INTO tecnico VALUES ('AJT', 'administracao');
INSERT INTO tecnico VALUES ('HBJ', 'teoria do susto');
INSERT INTO tecnico VALUES ('HBJ', 'administracao');
INSERT INTO tecnico VALUES ('RNU', 'engenharia');
INSERT INTO tecnico VALUES ('DBQ', 'administracao');
INSERT INTO tecnico VALUES ('EVC', 'filosofia');
INSERT INTO tecnico VALUES ('JBK', 'administracao');
INSERT INTO tecnico VALUES ('HBJ', 'engenharia');
INSERT INTO treinar VALUES ('OUL', 'MXD');
INSERT INTO treinar VALUES ('URN', 'MLL');
INSERT INTO treinar VALUES ('JSG', 'DBQ');
INSERT INTO treinar VALUES ('WUN', 'VWE');
INSERT INTO treinar VALUES ('OUL', 'YMO');
INSERT INTO treinar VALUES ('AWP', 'HBJ');
INSERT INTO treinar VALUES ('PGD', 'CAM');
INSERT INTO treinar VALUES ('AJT', 'YWH');
INSERT INTO treinar VALUES ('JSG', 'SCE');
INSERT INTO treinar VALUES ('CJZ', 'QWB');
INSERT INTO treinar VALUES ('AJT', 'CJZ');
INSERT INTO treinar VALUES ('QWB', 'WUN');
INSERT INTO treinar VALUES ('VUU', 'CAM');
INSERT INTO treinar VALUES ('BYF', 'KNY');
INSERT INTO treinar VALUES ('VWE', 'RNU');
INSERT INTO treinar VALUES ('WUN', 'VBL');
INSERT INTO treinar VALUES ('BOX', 'VRC');
INSERT INTO treinar VALUES ('HBJ', 'VUU');
INSERT INTO treinar VALUES ('MLL', 'DBQ');
INSERT INTO treinar VALUES ('YGM', 'QWB');
INSERT INTO treinar VALUES ('NPF', 'ZDG');
INSERT INTO treinar VALUES ('MXD', 'BYF');
INSERT INTO treinar VALUES ('EVC', 'JBK');
INSERT INTO treinar VALUES ('AJT', 'URN');
INSERT INTO treinar VALUES ('MLL', 'CAM');
INSERT INTO treinar VALUES ('YGM', 'DBQ');
INSERT INTO treinar VALUES ('WUN', 'YMO');
INSERT INTO treinar VALUES ('SCE', 'YGM');
INSERT INTO treinar VALUES ('RNU', 'NPF');
INSERT INTO treinar VALUES ('NPF', 'AJT');
INSERT INTO praticar VALUES ('QWB', 42, 640);
INSERT INTO praticar VALUES ('RNU', 81, 480);
INSERT INTO praticar VALUES ('JBK', 38, 132);
INSERT INTO praticar VALUES ('JBK', 42, 831);
INSERT INTO praticar VALUES ('YWH', 12, 897);
INSERT INTO praticar VALUES ('URN', 12, 943);
INSERT INTO praticar VALUES ('EVC', 51, 996);
INSERT INTO praticar VALUES ('RNU', 73, 654);
INSERT INTO praticar VALUES ('RNU', 31, 758);
INSERT INTO praticar VALUES ('EVC', 52, 654);
INSERT INTO praticar VALUES ('VRC', 37, 154);
INSERT INTO praticar VALUES ('YGM', 31, 654);
INSERT INTO praticar VALUES ('HBJ', 53, 897);
INSERT INTO praticar VALUES ('BYF', 3, 983);
INSERT INTO praticar VALUES ('SCE', 100, 621);
INSERT INTO praticar VALUES ('MLL', 38, 534);
INSERT INTO praticar VALUES ('CJZ', 28, 996);
INSERT INTO praticar VALUES ('VWE', 31, 879);
INSERT INTO praticar VALUES ('CJZ', 100, 867);
INSERT INTO praticar VALUES ('PGD', 96, 436);
INSERT INTO praticar VALUES ('CAM', 52, 480);
INSERT INTO praticar VALUES ('KNY', 53, 983);
INSERT INTO praticar VALUES ('VUU', 31, 490);
INSERT INTO praticar VALUES ('YMO', 9, 104);
INSERT INTO praticar VALUES ('HBJ', 12, 490);
INSERT INTO praticar VALUES ('CJZ', 59, 154);
INSERT INTO praticar VALUES ('VUU', 8, 867);
INSERT INTO praticar VALUES ('VWE', 3, 897);
INSERT INTO praticar VALUES ('CAM', 59, 154);
INSERT INTO praticar VALUES ('BOX', 23, 621);
INSERT INTO assustar VALUES ('378', 'MXD', to_date('2011-08-14', 'YYYY-MM-DD'));
INSERT INTO assustar VALUES ('776', 'YMO', to_date('2010-09-13', 'YYYY-MM-DD'));
INSERT INTO assustar VALUES ('858', 'VRC', to_date('2011-12-01', 'YYYY-MM-DD'));
INSERT INTO assustar VALUES ('523', 'AWP', to_date('2013-05-06', 'YYYY-MM-DD'));
INSERT INTO assustar VALUES ('315', 'WUN', to_date('2018-01-17', 'YYYY-MM-DD'));
INSERT INTO assustar VALUES ('935', 'BYF', to_date('2011-04-26', 'YYYY-MM-DD'));
INSERT INTO assustar VALUES ('536', 'OUL', to_date('2017-06-02', 'YYYY-MM-DD'));
INSERT INTO assustar VALUES ('378', 'AWP', to_date('2018-08-13', 'YYYY-MM-DD'));
INSERT INTO assustar VALUES ('949', 'VBL', to_date('2014-06-14', 'YYYY-MM-DD'));
INSERT INTO assustar VALUES ('338', 'KNY', to_date('2013-10-29', 'YYYY-MM-DD'));
INSERT INTO assustar VALUES ('410', 'VRC', to_date('2016-09-02', 'YYYY-MM-DD'));
INSERT INTO assustar VALUES ('426', 'JBK', to_date('2013-04-10', 'YYYY-MM-DD'));
INSERT INTO assustar VALUES ('570', 'VRC', to_date('2014-10-23', 'YYYY-MM-DD'));
INSERT INTO assustar VALUES ('536', 'HBJ', to_date('2012-08-03', 'YYYY-MM-DD'));
INSERT INTO assustar VALUES ('536', 'WUN', to_date('2011-09-14', 'YYYY-MM-DD'));
INSERT INTO assustar VALUES ('299', 'MXD', to_date('2016-04-23', 'YYYY-MM-DD'));
INSERT INTO assustar VALUES ('956', 'VUU', to_date('2012-02-19', 'YYYY-MM-DD'));
INSERT INTO assustar VALUES ('935', 'HBJ', to_date('2013-07-01', 'YYYY-MM-DD'));
INSERT INTO assustar VALUES ('730', 'YGM', to_date('2016-12-10', 'YYYY-MM-DD'));
INSERT INTO assustar VALUES ('893', 'VRC', to_date('2011-12-17', 'YYYY-MM-DD'));
INSERT INTO assustar VALUES ('858', 'VBL', to_date('2017-04-24', 'YYYY-MM-DD'));
INSERT INTO assustar VALUES ('792', 'VUU', to_date('2017-07-14', 'YYYY-MM-DD'));
INSERT INTO assustar VALUES ('858', 'PGD', to_date('2017-03-18', 'YYYY-MM-DD'));
INSERT INTO assustar VALUES ('392', 'QWB', to_date('2013-04-15', 'YYYY-MM-DD'));
INSERT INTO assustar VALUES ('851', 'WUN', to_date('2014-08-01', 'YYYY-MM-DD'));
INSERT INTO assustar VALUES ('668', 'AWP', to_date('2014-12-15', 'YYYY-MM-DD'));
INSERT INTO assustar VALUES ('338', 'YMO', to_date('2017-02-21', 'YYYY-MM-DD'));
INSERT INTO assustar VALUES ('885', 'VUU', to_date('2013-11-17', 'YYYY-MM-DD'));
INSERT INTO assustar VALUES ('668', 'NPF', to_date('2013-11-23', 'YYYY-MM-DD'));
INSERT INTO assustar VALUES ('523', 'PGD', to_date('2013-04-05', 'YYYY-MM-DD'));
INSERT INTO assustador_acessa_porta VALUES ('PGD', 'CHM');
INSERT INTO assustador_acessa_porta VALUES ('VWE', 'ISK');
INSERT INTO assustador_acessa_porta VALUES ('VUU', 'XLX');
INSERT INTO assustador_acessa_porta VALUES ('OUL', 'IPG');
INSERT INTO assustador_acessa_porta VALUES ('VWE', 'DTY');
INSERT INTO assustador_acessa_porta VALUES ('MLL', 'IBU');
INSERT INTO assustador_acessa_porta VALUES ('JSG', 'JLZ');
INSERT INTO assustador_acessa_porta VALUES ('URN', 'HHY');
INSERT INTO assustador_acessa_porta VALUES ('QWB', 'ISK');
INSERT INTO assustador_acessa_porta VALUES ('VUU', 'YGF');
INSERT INTO assustador_acessa_porta VALUES ('JBK', 'XEI');
INSERT INTO assustador_acessa_porta VALUES ('JSG', 'JRG');
INSERT INTO assustador_acessa_porta VALUES ('URN', 'JLZ');
INSERT INTO assustador_acessa_porta VALUES ('NPF', 'FLU');
INSERT INTO assustador_acessa_porta VALUES ('VUU', 'WDH');
INSERT INTO assustador_acessa_porta VALUES ('URN', 'LIG');
INSERT INTO assustador_acessa_porta VALUES ('WUN', 'XYC');
INSERT INTO assustador_acessa_porta VALUES ('CJZ', 'PGS');
INSERT INTO assustador_acessa_porta VALUES ('RNU', 'WDH');
INSERT INTO assustador_acessa_porta VALUES ('CAM', 'JEH');
INSERT INTO assustador_acessa_porta VALUES ('PGD', 'ERQ');
INSERT INTO assustador_acessa_porta VALUES ('YGM', 'IVR');
INSERT INTO assustador_acessa_porta VALUES ('OUL', 'SPC');
INSERT INTO assustador_acessa_porta VALUES ('CJZ', 'LIG');
INSERT INTO assustador_acessa_porta VALUES ('NPF', 'AJP');
INSERT INTO assustador_acessa_porta VALUES ('MXD', 'NHO');
INSERT INTO assustador_acessa_porta VALUES ('VBL', 'LIG');
INSERT INTO assustador_acessa_porta VALUES ('VBL', 'HHY');
INSERT INTO assustador_acessa_porta VALUES ('YWH', 'YGF');
INSERT INTO assustador_acessa_porta VALUES ('HBJ', 'IBU');
INSERT INTO assustador VALUES ('YWH', 'RNU', 'crianças');
INSERT INTO assustador VALUES ('WUN', 'OUL', 'crianças');
INSERT INTO assustador VALUES ('PGD', 'PGD', 'crianças');
INSERT INTO assustador VALUES ('CAM', 'YWH', 'crianças');
INSERT INTO assustador VALUES ('VRC', 'YWH', 'adolescentes');
INSERT INTO assustador VALUES ('VBL', 'YMO', 'adolescentes');
INSERT INTO assustador VALUES ('VUU', 'YGM', 'adolescentes');
INSERT INTO assustador VALUES ('VWE', 'ZDG', 'adolescentes');
INSERT INTO assustador VALUES ('NPF', 'SCE', 'terror');
INSERT INTO assustador VALUES ('SCE', 'VUU', 'terror');
INSERT INTO assustador VALUES ('MLL', 'OUL', 'terror');
INSERT INTO assustador VALUES ('YGM', 'VRC', 'terror');
INSERT INTO assustador VALUES ('AJT', 'ZDG', 'susto de palhaço');
INSERT INTO assustador VALUES ('EVC', 'QWB', 'susto de palhaço');
INSERT INTO assustador VALUES ('AWP', 'KNY', 'susto de palhaço');
INSERT INTO assustador VALUES ('JSG', 'PGD', 'susto de palhaço');
INSERT INTO assustador VALUES ('CJZ', 'YGM', 'susto de palhaço');
INSERT INTO assustador VALUES ('BOX', 'BYF', 'susto de palhaço');
INSERT INTO assustador VALUES ('KNY', 'JSG', 'dar nota baixa');
INSERT INTO assustador VALUES ('JBK', 'URN', 'dar nota baixa');
INSERT INTO assustador VALUES ('MXD', 'MXD', 'dar nota baixa');
INSERT INTO assustador VALUES ('RNU', 'VWE', 'dar nota baixa');
INSERT INTO assustador VALUES ('OUL', 'WUN', 'dar nota baixa');
INSERT INTO assustador VALUES ('ZDG', 'HBJ', 'susto existencial');
INSERT INTO assustador VALUES ('BYF', 'JSG', 'susto existencial');
INSERT INTO assustador VALUES ('HBJ', 'VWE', 'susto existencial');
INSERT INTO assustador VALUES ('DBQ', 'DBQ', 'susto existencial');
INSERT INTO assustador VALUES ('URN', 'BOX', 'susto existencial');
INSERT INTO assustador VALUES ('QWB', 'RNU', 'susto existencial');
INSERT INTO assustador VALUES ('YMO', 'YGM', 'susto existencial');
INSERT INTO extrair VALUES ('WXJ-985', '792', 'VUU', to_date('2017-07-14', 'YYYY-MM-DD'), to_date('2023-02-26 19:08:55', 'yyyy/mm/dd hh24:mi:ss'));
INSERT INTO extrair VALUES ('HIR-113', '523', 'PGD', to_date('2013-04-05', 'YYYY-MM-DD'), to_date('2022-11-10 18:26:29', 'yyyy/mm/dd hh24:mi:ss'));
INSERT INTO extrair VALUES ('DYX-927', '858', 'VBL', to_date('2017-04-24', 'YYYY-MM-DD'), to_date('2023-07-22 00:41:09', 'yyyy/mm/dd hh24:mi:ss'));
INSERT INTO extrair VALUES ('OYG-780', '523', 'AWP', to_date('2013-05-06', 'YYYY-MM-DD'), to_date('2022-11-04 08:32:00', 'yyyy/mm/dd hh24:mi:ss'));
INSERT INTO extrair VALUES ('DJU-491', '338', 'KNY', to_date('2013-10-29', 'YYYY-MM-DD'), to_date('2022-12-29 02:11:30', 'yyyy/mm/dd hh24:mi:ss'));
INSERT INTO extrair VALUES ('EJN-365', '935', 'HBJ', to_date('2013-07-01', 'YYYY-MM-DD'), to_date('2023-04-14 07:17:39', 'yyyy/mm/dd hh24:mi:ss'));
INSERT INTO extrair VALUES ('BPC-457', '570', 'VRC', to_date('2014-10-23', 'YYYY-MM-DD'), to_date('2023-01-08 21:34:44', 'yyyy/mm/dd hh24:mi:ss'));
INSERT INTO extrair VALUES ('AHE-657', '299', 'MXD', to_date('2016-04-23', 'YYYY-MM-DD'), to_date('2022-12-27 14:56:27', 'yyyy/mm/dd hh24:mi:ss'));
INSERT INTO extrair VALUES ('EUA-995', '730', 'YGM', to_date('2016-12-10', 'YYYY-MM-DD'), to_date('2023-07-16 23:37:49', 'yyyy/mm/dd hh24:mi:ss'));
INSERT INTO extrair VALUES ('UPF-489', '949', 'VBL', to_date('2014-06-14', 'YYYY-MM-DD'), to_date('2023-01-27 03:41:43', 'yyyy/mm/dd hh24:mi:ss'));
INSERT INTO extrair VALUES ('HIR-113', '536', 'WUN', to_date('2011-09-14', 'YYYY-MM-DD'), to_date('2022-12-22 09:12:13', 'yyyy/mm/dd hh24:mi:ss'));
INSERT INTO extrair VALUES ('BPC-457', '410', 'VRC', to_date('2016-09-02', 'YYYY-MM-DD'), to_date('2023-02-12 06:31:16', 'yyyy/mm/dd hh24:mi:ss'));
INSERT INTO extrair VALUES ('BPC-457', '851', 'WUN', to_date('2014-08-01', 'YYYY-MM-DD'), to_date('2023-01-08 00:32:41', 'yyyy/mm/dd hh24:mi:ss'));
INSERT INTO extrair VALUES ('LDH-218', '536', 'OUL', to_date('2017-06-02', 'YYYY-MM-DD'), to_date('2023-08-25 08:24:30', 'yyyy/mm/dd hh24:mi:ss'));
INSERT INTO extrair VALUES ('BEE-292', '776', 'YMO', to_date('2010-09-13', 'YYYY-MM-DD'), to_date('2023-02-24 07:40:51', 'yyyy/mm/dd hh24:mi:ss'));
INSERT INTO extrair VALUES ('LDH-218', '426', 'JBK', to_date('2013-04-10', 'YYYY-MM-DD'), to_date('2023-06-22 02:45:01', 'yyyy/mm/dd hh24:mi:ss'));
INSERT INTO extrair VALUES ('CYW-721', '378', 'MXD', to_date('2011-08-14', 'YYYY-MM-DD'), to_date('2022-12-19 16:53:31', 'yyyy/mm/dd hh24:mi:ss'));
INSERT INTO extrair VALUES ('YPF-561', '392', 'QWB', to_date('2013-04-15', 'YYYY-MM-DD'), to_date('2022-09-28 16:20:55', 'yyyy/mm/dd hh24:mi:ss'));
INSERT INTO extrair VALUES ('HIR-113', '378', 'AWP', to_date('2018-08-13', 'YYYY-MM-DD'), to_date('2023-08-24 13:48:58', 'yyyy/mm/dd hh24:mi:ss'));
INSERT INTO extrair VALUES ('DJU-491', '338', 'YMO', to_date('2017-02-21', 'YYYY-MM-DD'), to_date('2023-08-22 01:53:23', 'yyyy/mm/dd hh24:mi:ss'));
INSERT INTO extrair VALUES ('AHE-657', '956', 'VUU', to_date('2012-02-19', 'YYYY-MM-DD'), to_date('2023-06-18 06:48:49', 'yyyy/mm/dd hh24:mi:ss'));
INSERT INTO extrair VALUES ('IYZ-806', '885', 'VUU', to_date('2013-11-17', 'YYYY-MM-DD'), to_date('2023-05-11 20:34:41', 'yyyy/mm/dd hh24:mi:ss'));
INSERT INTO extrair VALUES ('OYG-780', '893', 'VRC', to_date('2011-12-17', 'YYYY-MM-DD'), to_date('2023-08-25 18:32:00', 'yyyy/mm/dd hh24:mi:ss'));
INSERT INTO extrair VALUES ('GHY-547', '858', 'PGD', to_date('2017-03-18', 'YYYY-MM-DD'), to_date('2023-08-12 07:53:06', 'yyyy/mm/dd hh24:mi:ss'));
INSERT INTO extrair VALUES ('NGT-960', '668', 'AWP', to_date('2014-12-15', 'YYYY-MM-DD'), to_date('2022-11-01 19:59:46', 'yyyy/mm/dd hh24:mi:ss'));
INSERT INTO extrair VALUES ('PQF-298', '935', 'BYF', to_date('2011-04-26', 'YYYY-MM-DD'), to_date('2022-10-16 13:30:30', 'yyyy/mm/dd hh24:mi:ss'));
INSERT INTO extrair VALUES ('OYG-780', '668', 'NPF', to_date('2013-11-23', 'YYYY-MM-DD'), to_date('2023-06-12 01:15:24', 'yyyy/mm/dd hh24:mi:ss'));
INSERT INTO extrair VALUES ('OYG-780', '858', 'VRC', to_date('2011-12-01', 'YYYY-MM-DD'), to_date('2022-10-30 02:16:21', 'yyyy/mm/dd hh24:mi:ss'));
INSERT INTO extrair VALUES ('IZH-328', '536', 'HBJ', to_date('2012-08-03', 'YYYY-MM-DD'), to_date('2022-10-10 02:31:10', 'yyyy/mm/dd hh24:mi:ss'));
INSERT INTO extrair VALUES ('NGT-960', '315', 'WUN', to_date('2018-01-17', 'YYYY-MM-DD'), to_date('2023-05-13 05:45:27', 'yyyy/mm/dd hh24:mi:ss'));
INSERT INTO assustar VALUES ('730', 'RNU', to_date('2011-08-14', 'YYYY-MM-DD'));